Id,Id2,Geography,"April 1, 2010 - Census","April 1, 2010 - Estimates Base",Population Estimate (as of July 1) - 2014
310M200US10100,10100,"Aberdeen, SD Micro Area",40602,40602,42391
310M200US10140,10140,"Aberdeen, WA Micro Area",72797,72797,70818
310M200US10180,10180,"Abilene, TX Metro Area",165252,165252,168592
310M200US10220,10220,"Ada, OK Micro Area",37492,37492,38005
310M200US10260,10260,"Adjuntas, PR Micro Area",19483,19483,18900
310M200US10300,10300,"Adrian, MI Micro Area",99892,99892,99047
310M200US10380,10380,"Aguadilla-Isabela, PR Metro Area",339441,339465,322641
310M200US10420,10420,"Akron, OH Metro Area",703200,703207,703825
310M200US10460,10460,"Alamogordo, NM Micro Area",63797,63799,65082
310M200US10500,10500,"Albany, GA Metro Area",157308,157500,154925
310M200US10540,10540,"Albany, OR Metro Area",116672,116672,119356
310M200US10580,10580,"Albany-Schenectady-Troy, NY Metro Area",870716,870720,880167
310M200US10620,10620,"Albemarle, NC Micro Area",60585,60585,60600
310M200US10660,10660,"Albert Lea, MN Micro Area",31255,31255,30840
310M200US10700,10700,"Albertville, AL Micro Area",93019,93019,94636
310M200US10740,10740,"Albuquerque, NM Metro Area",887077,887075,904587
310M200US10780,10780,"Alexandria, LA Metro Area",153922,153922,154872
310M200US10820,10820,"Alexandria, MN Micro Area",36009,36009,36790
310M200US10860,10860,"Alice, TX Micro Area",40838,40839,41353
310M200US10900,10900,"Allentown-Bethlehem-Easton, PA-NJ Metro Area",821173,821303,829835
310M200US10940,10940,"Alma, MI Micro Area",42476,42476,41665
310M200US10980,10980,"Alpena, MI Micro Area",29598,29598,28988
310M200US11020,11020,"Altoona, PA Metro Area",127089,127078,125955
310M200US11060,11060,"Altus, OK Micro Area",26446,26446,25998
310M200US11100,11100,"Amarillo, TX Metro Area",251933,251933,259885
310M200US11140,11140,"Americus, GA Micro Area",37829,37827,36395
310M200US11180,11180,"Ames, IA Metro Area",89542,89542,94073
310M200US11220,11220,"Amsterdam, NY Micro Area",50219,50236,49779
310M200US11260,11260,"Anchorage, AK Metro Area",380821,380821,398892
310M200US11380,11380,"Andrews, TX Micro Area",14786,14786,17477
310M200US11420,11420,"Angola, IN Micro Area",34185,34183,34308
310M200US11460,11460,"Ann Arbor, MI Metro Area",344791,345066,356874
310M200US11500,11500,"Anniston-Oxford-Jacksonville, AL Metro Area",118572,118586,115916
310M200US11540,11540,"Appleton, WI Metro Area",225666,225666,231497
310M200US11580,11580,"Arcadia, FL Micro Area",34862,34862,35012
310M200US11620,11620,"Ardmore, OK Micro Area",47557,47726,48821
310M200US11640,11640,"Arecibo, PR Metro Area",199471,199471,191864
310M200US11660,11660,"Arkadelphia, AR Micro Area",22995,22995,22576
310M200US11680,11680,"Arkansas City-Winfield, KS Micro Area",36311,36311,35963
310M200US11700,11700,"Asheville, NC Metro Area",424858,424859,442316
310M200US11740,11740,"Ashland, OH Micro Area",53139,53139,53035
310M200US11780,11780,"Ashtabula, OH Micro Area",101497,101497,99175
310M200US11820,11820,"Astoria, OR Micro Area",37039,37037,37474
310M200US11860,11860,"Atchison, KS Micro Area",16924,16924,16513
310M200US11900,11900,"Athens, OH Micro Area",64757,64773,64713
310M200US11940,11940,"Athens, TN Micro Area",52266,52266,52626
310M200US11980,11980,"Athens, TX Micro Area",78532,78536,79290
310M200US12020,12020,"Athens-Clarke County, GA Metro Area",192541,192541,199016
310M200US12060,12060,"Atlanta-Sandy Springs-Roswell, GA Metro Area",5286728,5286727,5614323
310M200US12100,12100,"Atlantic City-Hammonton, NJ Metro Area",274549,274549,275209
310M200US12140,12140,"Auburn, IN Micro Area",42223,42223,42383
310M200US12180,12180,"Auburn, NY Micro Area",80026,80025,78823
310M200US12220,12220,"Auburn-Opelika, AL Metro Area",140247,140296,154255
310M200US12260,12260,"Augusta-Richmond County, GA-SC Metro Area",564873,564873,583632
310M200US12300,12300,"Augusta-Waterville, ME Micro Area",122151,122151,121112
310M200US12380,12380,"Austin, MN Micro Area",39163,39163,39323
310M200US12420,12420,"Austin-Round Rock, TX Metro Area",1716289,1716303,1943299
310M200US12460,12460,"Bainbridge, GA Micro Area",27842,27842,27220
310M200US12540,12540,"Bakersfield, CA Metro Area",839631,839631,874589
310M200US12580,12580,"Baltimore-Columbia-Towson, MD Metro Area",2710489,2710597,2785874
310M200US12620,12620,"Bangor, ME Metro Area",153923,153920,153414
310M200US12660,12660,"Baraboo, WI Micro Area",61976,61976,63379
310M200US12680,12680,"Bardstown, KY Micro Area",43437,43437,44812
310M200US12700,12700,"Barnstable Town, MA Metro Area",215888,215888,214914
310M200US12740,12740,"Barre, VT Micro Area",59534,59535,58998
310M200US12780,12780,"Bartlesville, OK Micro Area",50976,50977,51937
310M200US12820,12820,"Bastrop, LA Micro Area",27979,27979,26760
310M200US12860,12860,"Batavia, NY Micro Area",60079,60050,59162
310M200US12900,12900,"Batesville, AR Micro Area",36647,36647,36959
310M200US12940,12940,"Baton Rouge, LA Metro Area",802484,802500,825478
310M200US12980,12980,"Battle Creek, MI Metro Area",136146,136148,134878
310M200US13020,13020,"Bay City, MI Metro Area",107771,107771,106179
310M200US13060,13060,"Bay City, TX Micro Area",36702,36702,36519
310M200US13100,13100,"Beatrice, NE Micro Area",22311,22311,21663
310M200US13140,13140,"Beaumont-Port Arthur, TX Metro Area",403190,403190,405427
310M200US13180,13180,"Beaver Dam, WI Micro Area",88759,88761,88574
310M200US13220,13220,"Beckley, WV Metro Area",124898,124901,123373
310M200US13260,13260,"Bedford, IN Micro Area",46134,46129,45704
310M200US13300,13300,"Beeville, TX Micro Area",31861,31861,32863
310M200US13340,13340,"Bellefontaine, OH Micro Area",45858,45858,45507
310M200US13380,13380,"Bellingham, WA Metro Area",201140,201140,208351
310M200US13420,13420,"Bemidji, MN Micro Area",44442,44442,45664
310M200US13460,13460,"Bend-Redmond, OR Metro Area",157733,157733,170388
310M200US13500,13500,"Bennettsville, SC Micro Area",28933,28933,27924
310M200US13540,13540,"Bennington, VT Micro Area",37125,37125,36445
310M200US13620,13620,"Berlin, NH-VT Micro Area",39361,39358,37778
310M200US13660,13660,"Big Rapids, MI Micro Area",42798,42798,43186
310M200US13700,13700,"Big Spring, TX Micro Area",36238,36238,37942
310M200US13720,13720,"Big Stone Gap, VA Micro Area",61313,61318,59274
310M200US13740,13740,"Billings, MT Metro Area",158934,158934,166885
310M200US13780,13780,"Binghamton, NY Metro Area",251725,251725,247219
310M200US13820,13820,"Birmingham-Hoover, AL Metro Area",1128047,1128056,1143772
310M200US13900,13900,"Bismarck, ND Metro Area",114778,114778,126597
310M200US13940,13940,"Blackfoot, ID Micro Area",45607,45607,45269
310M200US13980,13980,"Blacksburg-Christiansburg-Radford, VA Metro Area",178237,178254,181605
310M200US14010,14010,"Bloomington, IL Metro Area",186133,186133,190345
310M200US14020,14020,"Bloomington, IN Metro Area",159549,159542,164308
310M200US14100,14100,"Bloomsburg-Berwick, PA Metro Area",85562,85563,85763
310M200US14140,14140,"Bluefield, WV-VA Micro Area",107342,107344,105237
310M200US14180,14180,"Blytheville, AR Micro Area",46480,46480,44235
310M200US14220,14220,"Bogalusa, LA Micro Area",47168,47171,46286
310M200US14260,14260,"Boise City, ID Metro Area",616561,616561,664422
310M200US14340,14340,"Boone, IA Micro Area",26306,26306,26433
310M200US14380,14380,"Boone, NC Micro Area",51079,51079,52560
310M200US14420,14420,"Borger, TX Micro Area",22150,22249,21773
310M200US14460,14460,"Boston-Cambridge-Newton, MA-NH Metro Area",4552402,4552412,4732161
310M200US14500,14500,"Boulder, CO Metro Area",294567,294571,313333
310M200US14540,14540,"Bowling Green, KY Metro Area",158599,158599,165732
310M200US14580,14580,"Bozeman, MT Micro Area",89513,89510,97308
310M200US14620,14620,"Bradford, PA Micro Area",43450,43450,42554
310M200US14660,14660,"Brainerd, MN Micro Area",91067,91067,91824
310M200US14700,14700,"Branson, MO Micro Area",83877,83877,85334
310M200US14720,14720,"Breckenridge, CO Micro Area",27994,27994,29404
310M200US14740,14740,"Bremerton-Silverdale, WA Metro Area",251133,251133,254183
310M200US14780,14780,"Brenham, TX Micro Area",33718,33708,34438
310M200US14820,14820,"Brevard, NC Micro Area",33090,33090,33045
310M200US14860,14860,"Bridgeport-Stamford-Norwalk, CT Metro Area",916829,916828,945438
310M200US15020,15020,"Brookhaven, MS Micro Area",34869,34869,34775
310M200US15060,15060,"Brookings, OR Micro Area",22364,22364,22335
310M200US15100,15100,"Brookings, SD Micro Area",31965,31965,33314
310M200US15180,15180,"Brownsville-Harlingen, TX Metro Area",406220,406220,420392
310M200US15220,15220,"Brownwood, TX Micro Area",38106,38106,37653
310M200US15260,15260,"Brunswick, GA Metro Area",112370,112368,114806
310M200US15340,15340,"Bucyrus, OH Micro Area",43784,43784,42480
310M200US15380,15380,"Buffalo-Cheektowaga-Niagara Falls, NY Metro Area",1135509,1135541,1136360
310M200US15420,15420,"Burley, ID Micro Area",43021,43021,43863
310M200US15460,15460,"Burlington, IA-IL Micro Area",47656,47653,47171
310M200US15500,15500,"Burlington, NC Metro Area",151131,151241,155792
310M200US15540,15540,"Burlington-South Burlington, VT Metro Area",211261,211262,216167
310M200US15580,15580,"Butte-Silver Bow, MT Micro Area",34200,34204,34680
310M200US15620,15620,"Cadillac, MI Micro Area",47584,47584,47923
310M200US15660,15660,"Calhoun, GA Micro Area",55186,55186,56047
310M200US15680,15680,"California-Lexington Park, MD Metro Area",105151,105151,110382
310M200US15700,15700,"Cambridge, MD Micro Area",32618,32618,32578
310M200US15740,15740,"Cambridge, OH Micro Area",40087,40087,39590
310M200US15780,15780,"Camden, AR Micro Area",31488,31489,30030
310M200US15820,15820,"Campbellsville, KY Micro Area",24512,24512,25257
310M200US15860,15860,"Cañon City, CO Micro Area",46824,46824,46502
310M200US15900,15900,"Canton, IL Micro Area",37069,37069,36007
310M200US15940,15940,"Canton-Massillon, OH Metro Area",404422,404420,403923
310M200US15980,15980,"Cape Coral-Fort Myers, FL Metro Area",618754,618754,679513
310M200US16020,16020,"Cape Girardeau, MO-IL Metro Area",96275,96275,97929
310M200US16060,16060,"Carbondale-Marion, IL Metro Area",126575,126580,126685
310M200US16100,16100,"Carlsbad-Artesia, NM Micro Area",53829,53829,56395
310M200US16180,16180,"Carson City, NV Metro Area",55274,55274,54522
310M200US16220,16220,"Casper, WY Metro Area",75450,75450,81624
310M200US16260,16260,"Cedar City, UT Micro Area",46163,46163,47269
310M200US16300,16300,"Cedar Rapids, IA Metro Area",257940,257940,263885
310M200US16340,16340,"Cedartown, GA Micro Area",41475,41475,41133
310M200US16380,16380,"Celina, OH Micro Area",40814,40814,40831
310M200US16460,16460,"Centralia, IL Micro Area",39437,39437,38571
310M200US16500,16500,"Centralia, WA Micro Area",75455,75455,75128
310M200US16540,16540,"Chambersburg-Waynesboro, PA Metro Area",149618,149618,152892
310M200US16580,16580,"Champaign-Urbana, IL Metro Area",231891,231889,237252
310M200US16620,16620,"Charleston, WV Metro Area",227078,227071,222878
310M200US16660,16660,"Charleston-Mattoon, IL Micro Area",64921,64921,64153
310M200US16700,16700,"Charleston-North Charleston, SC Metro Area",664607,664643,727689
310M200US16740,16740,"Charlotte-Concord-Gastonia, NC-SC Metro Area",2217012,2217248,2380314
310M200US16820,16820,"Charlottesville, VA Metro Area",218705,218710,226968
310M200US16860,16860,"Chattanooga, TN-GA Metro Area",528143,528145,544559
310M200US16940,16940,"Cheyenne, WY Metro Area",91738,91881,96389
310M200US16980,16980,"Chicago-Naperville-Elgin, IL-IN-WI Metro Area",9461105,9461537,9554598
310M200US17020,17020,"Chico, CA Metro Area",220000,220000,224241
310M200US17060,17060,"Chillicothe, OH Micro Area",78064,78064,77159
310M200US17140,17140,"Cincinnati, OH-KY-IN Metro Area",2114580,2114755,2149449
310M200US17200,17200,"Claremont-Lebanon, NH-VT Micro Area",218466,218458,217634
310M200US17220,17220,"Clarksburg, WV Micro Area",94196,94196,94221
310M200US17260,17260,"Clarksdale, MS Micro Area",26151,26151,24807
310M200US17300,17300,"Clarksville, TN-KY Metro Area",260625,260610,278353
310M200US17340,17340,"Clearlake, CA Micro Area",64665,64665,64184
310M200US17380,17380,"Cleveland, MS Micro Area",34145,34147,33768
310M200US17420,17420,"Cleveland, TN Metro Area",115788,115788,119705
310M200US17460,17460,"Cleveland-Elyria, OH Metro Area",2077240,2077246,2063598
310M200US17500,17500,"Clewiston, FL Micro Area",39140,39140,38505
310M200US17540,17540,"Clinton, IA Micro Area",49116,49116,48051
310M200US17580,17580,"Clovis, NM Micro Area",48376,48376,50969
310M200US17620,17620,"Coamo, PR Micro Area",40512,40512,40331
310M200US17640,17640,"Coco, PR Micro Area",31078,31078,29881
310M200US17660,17660,"Coeur d'Alene, ID Metro Area",138494,138494,147326
310M200US17700,17700,"Coffeyville, KS Micro Area",35471,35471,34065
310M200US17740,17740,"Coldwater, MI Micro Area",45248,45248,43545
310M200US17780,17780,"College Station-Bryan, TX Metro Area",228660,228660,242905
310M200US17820,17820,"Colorado Springs, CO Metro Area",645613,645611,686908
310M200US17860,17860,"Columbia, MO Metro Area",162642,162642,172717
310M200US17900,17900,"Columbia, SC Metro Area",767598,767477,800495
310M200US17980,17980,"Columbus, GA-AL Metro Area",294865,295529,314005
310M200US18020,18020,"Columbus, IN Metro Area",76794,76786,80217
310M200US18060,18060,"Columbus, MS Micro Area",59779,59779,59730
310M200US18100,18100,"Columbus, NE Micro Area",32237,32237,32666
310M200US18140,18140,"Columbus, OH Metro Area",1901974,1902015,1994536
310M200US18180,18180,"Concord, NH Micro Area",146445,146442,147171
310M200US18220,18220,"Connersville, IN Micro Area",24277,24302,23468
310M200US18260,18260,"Cookeville, TN Micro Area",106042,106050,107761
310M200US18300,18300,"Coos Bay, OR Micro Area",63043,63043,62475
310M200US18380,18380,"Cordele, GA Micro Area",23439,23439,22934
310M200US18420,18420,"Corinth, MS Micro Area",37057,37057,37380
310M200US18460,18460,"Cornelia, GA Micro Area",43041,43041,43752
310M200US18500,18500,"Corning, NY Micro Area",98990,98988,98394
310M200US18580,18580,"Corpus Christi, TX Metro Area",428185,428188,448108
310M200US18620,18620,"Corsicana, TX Micro Area",47735,47831,48195
310M200US18660,18660,"Cortland, NY Micro Area",49336,49303,49024
310M200US18700,18700,"Corvallis, OR Metro Area",85579,85581,86316
310M200US18740,18740,"Coshocton, OH Micro Area",36901,36901,36516
310M200US18780,18780,"Craig, CO Micro Area",13795,13795,12928
310M200US18820,18820,"Crawfordsville, IN Micro Area",38124,38126,38146
310M200US18860,18860,"Crescent City, CA Micro Area",28610,28610,27212
310M200US18880,18880,"Crestview-Fort Walton Beach-Destin, FL Metro Area",235865,235865,258042
310M200US18900,18900,"Crossville, TN Micro Area",56053,56053,57985
310M200US18980,18980,"Cullman, AL Micro Area",80406,80410,81289
310M200US19000,19000,"Cullowhee, NC Micro Area",40271,40271,40981
310M200US19060,19060,"Cumberland, MD-WV Metro Area",103299,103299,100530
310M200US19100,19100,"Dallas-Fort Worth-Arlington, TX Metro Area",6426214,6426210,6954330
310M200US19140,19140,"Dalton, GA Metro Area",142227,142227,142952
310M200US19180,19180,"Danville, IL Metro Area",81625,81625,79728
310M200US19220,19220,"Danville, KY Micro Area",53174,53174,54151
310M200US19260,19260,"Danville, VA Micro Area",106561,106558,104827
310M200US19300,19300,"Daphne-Fairhope-Foley, AL Metro Area",182265,182265,200111
310M200US19340,19340,"Davenport-Moline-Rock Island, IA-IL Metro Area",379690,379689,383030
310M200US19380,19380,"Dayton, OH Metro Area",799232,799216,800836
310M200US19420,19420,"Dayton, TN Micro Area",31809,31809,32641
310M200US19460,19460,"Decatur, AL Metro Area",153829,153825,153084
310M200US19500,19500,"Decatur, IL Metro Area",110768,110768,108350
310M200US19540,19540,"Decatur, IN Micro Area",34387,34387,34791
310M200US19580,19580,"Defiance, OH Micro Area",39037,39035,38510
310M200US19620,19620,"Del Rio, TX Micro Area",48879,48879,48974
310M200US19660,19660,"Deltona-Daytona Beach-Ormond Beach, FL Metro Area",590289,590293,609939
310M200US19700,19700,"Deming, NM Micro Area",25095,25095,24673
310M200US19740,19740,"Denver-Aurora-Lakewood, CO Metro Area",2543482,2543594,2754258
310M200US19760,19760,"DeRidder, LA Micro Area",35654,35654,36198
310M200US19780,19780,"Des Moines-West Des Moines, IA Metro Area",569633,569633,611549
310M200US19820,19820,"Detroit-Warren-Dearborn, MI Metro Area",4296250,4296313,4296611
310M200US19860,19860,"Dickinson, ND Micro Area",24199,24199,30372
310M200US19940,19940,"Dixon, IL Micro Area",36031,36031,34735
310M200US19980,19980,"Dodge City, KS Micro Area",33848,33848,34795
310M200US20020,20020,"Dothan, AL Metro Area",145639,145639,148095
310M200US20060,20060,"Douglas, GA Micro Area",42356,42356,42811
310M200US20100,20100,"Dover, DE Metro Area",162310,162344,171987
310M200US20140,20140,"Dublin, GA Micro Area",58414,58418,57552
310M200US20180,20180,"DuBois, PA Micro Area",81642,81644,81191
310M200US20220,20220,"Dubuque, IA Metro Area",93653,93653,96370
310M200US20260,20260,"Duluth, MN-WI Metro Area",279771,279771,280218
310M200US20300,20300,"Dumas, TX Micro Area",21904,21904,22148
310M200US20340,20340,"Duncan, OK Micro Area",45048,45048,44493
310M200US20380,20380,"Dunn, NC Micro Area",114678,114678,126666
310M200US20420,20420,"Durango, CO Micro Area",51334,51334,53989
310M200US20460,20460,"Durant, OK Micro Area",42416,42416,44486
310M200US20500,20500,"Durham-Chapel Hill, NC Metro Area",504357,506634,542710
310M200US20540,20540,"Dyersburg, TN Micro Area",38335,38337,37935
310M200US20580,20580,"Eagle Pass, TX Micro Area",54258,54258,57023
310M200US20660,20660,"Easton, MD Micro Area",37782,37782,37643
310M200US20700,20700,"East Stroudsburg, PA Metro Area",169842,169842,166314
310M200US20740,20740,"Eau Claire, WI Metro Area",161151,161390,165024
310M200US20780,20780,"Edwards, CO Micro Area",52197,52197,52921
310M200US20820,20820,"Effingham, IL Micro Area",34242,34242,34320
310M200US20900,20900,"El Campo, TX Micro Area",41280,41280,41168
310M200US20940,20940,"El Centro, CA Metro Area",174528,174528,179091
310M200US20980,20980,"El Dorado, AR Micro Area",41639,41639,40227
310M200US21020,21020,"Elizabeth City, NC Micro Area",64094,64094,63584
310M200US21060,21060,"Elizabethtown-Fort Knox, KY Metro Area",148338,148339,151585
310M200US21120,21120,"Elk City, OK Micro Area",22119,22119,23691
310M200US21140,21140,"Elkhart-Goshen, IN Metro Area",197559,197561,201971
310M200US21180,21180,"Elkins, WV Micro Area",29405,29405,29429
310M200US21220,21220,"Elko, NV Micro Area",50805,50929,54784
310M200US21260,21260,"Ellensburg, WA Micro Area",40915,40909,42522
310M200US21300,21300,"Elmira, NY Metro Area",88830,88830,87770
310M200US21340,21340,"El Paso, TX Metro Area",804123,804123,836698
310M200US21380,21380,"Emporia, KS Micro Area",33690,33690,33212
310M200US21420,21420,"Enid, OK Micro Area",60580,60580,63091
310M200US21460,21460,"Enterprise, AL Micro Area",49948,49948,50909
310M200US21500,21500,"Erie, PA Metro Area",280566,280566,278443
310M200US21540,21540,"Escanaba, MI Micro Area",37069,37069,36559
310M200US21580,21580,"Española, NM Micro Area",40246,40247,39777
310M200US21660,21660,"Eugene, OR Metro Area",351715,351715,358337
310M200US21700,21700,"Eureka-Arcata-Fortuna, CA Micro Area",134623,134623,134809
310M200US21740,21740,"Evanston, WY Micro Area",21118,21118,20904
310M200US21780,21780,"Evansville, IN-KY Metro Area",311552,311552,315162
310M200US21820,21820,"Fairbanks, AK Metro Area",97581,97581,99357
310M200US21840,21840,"Fairfield, IA Micro Area",16843,16843,17325
310M200US21900,21900,"Fairmont, WV Micro Area",56418,56418,56803
310M200US21980,21980,"Fallon, NV Micro Area",24877,24877,23989
310M200US22020,22020,"Fargo, ND-MN Metro Area",208777,208777,228291
310M200US22060,22060,"Faribault-Northfield, MN Micro Area",64142,64144,65151
310M200US22100,22100,"Farmington, MO Micro Area",65359,65364,65960
310M200US22140,22140,"Farmington, NM Metro Area",130044,130045,123785
310M200US22180,22180,"Fayetteville, NC Metro Area",366383,366383,377939
310M200US22220,22220,"Fayetteville-Springdale-Rogers, AR-MO Metro Area",463204,463207,501653
310M200US22260,22260,"Fergus Falls, MN Micro Area",57303,57303,57635
310M200US22280,22280,"Fernley, NV Micro Area",51980,51980,51789
310M200US22300,22300,"Findlay, OH Micro Area",74782,74782,75337
310M200US22340,22340,"Fitzgerald, GA Micro Area",17634,17634,17464
310M200US22380,22380,"Flagstaff, AZ Metro Area",134421,134437,137682
310M200US22420,22420,"Flint, MI Metro Area",425790,425790,412895
310M200US22500,22500,"Florence, SC Metro Area",205566,205571,207030
310M200US22520,22520,"Florence-Muscle Shoals, AL Metro Area",147137,147137,147639
310M200US22540,22540,"Fond du Lac, WI Metro Area",101633,101633,101759
310M200US22580,22580,"Forest City, NC Micro Area",67810,67809,66600
310M200US22620,22620,"Forrest City, AR Micro Area",28258,28258,26899
310M200US22660,22660,"Fort Collins, CO Metro Area",299630,299630,324122
310M200US22700,22700,"Fort Dodge, IA Micro Area",38013,38013,36955
310M200US22780,22780,"Fort Leonard Wood, MO Micro Area",52274,52274,53436
310M200US22800,22800,"Fort Madison-Keokuk, IA-IL-MO Micro Area",62105,62105,60767
310M200US22820,22820,"Fort Morgan, CO Micro Area",28159,28159,28328
310M200US22860,22860,"Fort Polk South, LA Micro Area",52334,52334,52132
310M200US22900,22900,"Fort Smith, AR-OK Metro Area",280467,280515,279592
310M200US23060,23060,"Fort Wayne, IN Metro Area",416257,416255,427183
310M200US23140,23140,"Frankfort, IN Micro Area",33224,33224,32776
310M200US23180,23180,"Frankfort, KY Micro Area",70706,70706,71768
310M200US23240,23240,"Fredericksburg, TX Micro Area",24837,24837,25520
310M200US23300,23300,"Freeport, IL Micro Area",47711,47711,46435
310M200US23340,23340,"Fremont, NE Micro Area",36691,36691,36744
310M200US23380,23380,"Fremont, OH Micro Area",60944,60944,60179
310M200US23420,23420,"Fresno, CA Metro Area",930450,930452,965974
310M200US23460,23460,"Gadsden, AL Metro Area",104430,104427,103531
310M200US23500,23500,"Gaffney, SC Micro Area",55342,55467,56024
310M200US23540,23540,"Gainesville, FL Metro Area",264275,264274,273377
310M200US23580,23580,"Gainesville, GA Metro Area",179684,179684,190761
310M200US23620,23620,"Gainesville, TX Micro Area",38437,38437,38761
310M200US23660,23660,"Galesburg, IL Micro Area",52919,52919,52069
310M200US23700,23700,"Gallup, NM Micro Area",71492,71491,74098
310M200US23780,23780,"Garden City, KS Micro Area",40753,40753,41099
310M200US23820,23820,"Gardnerville Ranchos, NV Micro Area",46997,46997,47536
310M200US23860,23860,"Georgetown, SC Micro Area",60158,60158,60773
310M200US23900,23900,"Gettysburg, PA Metro Area",101407,101413,101714
310M200US23940,23940,"Gillette, WY Micro Area",46133,46133,48320
310M200US23980,23980,"Glasgow, KY Micro Area",52272,52272,53138
310M200US24020,24020,"Glens Falls, NY Metro Area",128923,128921,127345
310M200US24060,24060,"Glenwood Springs, CO Micro Area",73537,73537,75087
310M200US24100,24100,"Gloversville, NY Micro Area",55531,55531,54105
310M200US24140,24140,"Goldsboro, NC Metro Area",122623,122623,124456
310M200US24220,24220,"Grand Forks, ND-MN Metro Area",98461,98461,101842
310M200US24260,24260,"Grand Island, NE Metro Area",81850,81850,84755
310M200US24300,24300,"Grand Junction, CO Metro Area",146723,146723,148255
310M200US24340,24340,"Grand Rapids-Wyoming, MI Metro Area",988938,988940,1027703
310M200US24380,24380,"Grants, NM Micro Area",27213,27213,27349
310M200US24420,24420,"Grants Pass, OR Metro Area",82713,82713,83599
310M200US24460,24460,"Great Bend, KS Micro Area",27674,27674,27385
310M200US24500,24500,"Great Falls, MT Metro Area",81327,81327,82344
310M200US24540,24540,"Greeley, CO Metro Area",252825,252837,277670
310M200US24580,24580,"Green Bay, WI Metro Area",306241,306241,314531
310M200US24620,24620,"Greeneville, TN Micro Area",68831,68831,68335
310M200US24640,24640,"Greenfield Town, MA Micro Area",71372,71372,70862
310M200US24660,24660,"Greensboro-High Point, NC Metro Area",723801,723798,746593
310M200US24700,24700,"Greensburg, IN Micro Area",25740,25740,26524
310M200US24740,24740,"Greenville, MS Micro Area",51137,51135,48958
310M200US24780,24780,"Greenville, NC Metro Area",168148,168148,175354
310M200US24820,24820,"Greenville, OH Micro Area",52959,52959,52196
310M200US24860,24860,"Greenville-Anderson-Mauldin, SC Metro Area",824112,824107,862463
310M200US24900,24900,"Greenwood, MS Micro Area",42914,42914,41676
310M200US24940,24940,"Greenwood, SC Micro Area",95078,95077,94485
310M200US24980,24980,"Grenada, MS Micro Area",21906,21906,21666
310M200US25020,25020,"Guayama, PR Metro Area",84214,84214,80581
310M200US25060,25060,"Gulfport-Biloxi-Pascagoula, MS Metro Area",370702,370787,386144
310M200US25100,25100,"Guymon, OK Micro Area",20640,20640,21853
310M200US25180,25180,"Hagerstown-Martinsburg, MD-WV Metro Area",251599,251602,260070
310M200US25200,25200,"Hailey, ID Micro Area",27701,27701,27837
310M200US25220,25220,"Hammond, LA Metro Area",121097,121101,127049
310M200US25260,25260,"Hanford-Corcoran, CA Metro Area",152982,152982,150269
310M200US25300,25300,"Hannibal, MO Micro Area",38948,38948,39175
310M200US25420,25420,"Harrisburg-Carlisle, PA Metro Area",549475,549473,560849
310M200US25460,25460,"Harrison, AR Micro Area",45233,45233,45100
310M200US25500,25500,"Harrisonburg, VA Metro Area",125228,125217,130649
310M200US25540,25540,"Hartford-West Hartford-East Hartford, CT Metro Area",1212381,1212387,1214295
310M200US25580,25580,"Hastings, NE Micro Area",31364,31364,31457
310M200US25620,25620,"Hattiesburg, MS Metro Area",142842,142857,148656
310M200US25700,25700,"Hays, KS Micro Area",28452,28452,29013
310M200US25720,25720,"Heber, UT Micro Area",23530,23530,27714
310M200US25740,25740,"Helena, MT Micro Area",74801,74801,77414
310M200US25760,25760,"Helena-West Helena, AR Micro Area",21757,21757,19930
310M200US25780,25780,"Henderson, NC Micro Area",45422,45419,44614
310M200US25820,25820,"Hereford, TX Micro Area",19372,19372,19195
310M200US25840,25840,"Hermiston-Pendleton, OR Micro Area",87062,87062,87892
310M200US25860,25860,"Hickory-Lenoir-Morganton, NC Metro Area",365497,365492,362896
310M200US25880,25880,"Hillsdale, MI Micro Area",46688,46688,45830
310M200US25900,25900,"Hilo, HI Micro Area",185079,185079,194190
310M200US25940,25940,"Hilton Head Island-Bluffton-Beaufort, SC Metro Area",187010,187010,203022
310M200US25980,25980,"Hinesville, GA Metro Area",77917,77917,82311
310M200US26020,26020,"Hobbs, NM Micro Area",64727,64727,69999
310M200US26090,26090,"Holland, MI Micro Area",111408,111408,113847
310M200US26140,26140,"Homosassa Springs, FL Metro Area",141236,141236,139377
310M200US26220,26220,"Hood River, OR Micro Area",22346,22346,22885
310M200US26300,26300,"Hot Springs, AR Metro Area",96024,96024,97322
310M200US26340,26340,"Houghton, MI Micro Area",38784,38784,38712
310M200US26380,26380,"Houma-Thibodaux, LA Metro Area",208178,208176,211348
310M200US26420,26420,"Houston-The Woodlands-Sugar Land, TX Metro Area",5920416,5920490,6490180
310M200US26460,26460,"Hudson, NY Micro Area",63096,63096,62122
310M200US26500,26500,"Huntingdon, PA Micro Area",45913,46027,45750
310M200US26540,26540,"Huntington, IN Micro Area",37124,37124,36706
310M200US26580,26580,"Huntington-Ashland, WV-KY-OH Metro Area",364908,364930,363325
310M200US26620,26620,"Huntsville, AL Metro Area",417593,417593,441086
310M200US26660,26660,"Huntsville, TX Micro Area",82446,82536,84013
310M200US26700,26700,"Huron, SD Micro Area",17398,17398,18169
310M200US26740,26740,"Hutchinson, KS Micro Area",64511,64511,63794
310M200US26780,26780,"Hutchinson, MN Micro Area",36651,36651,35882
310M200US26820,26820,"Idaho Falls, ID Metro Area",133265,133337,138266
310M200US26860,26860,"Indiana, PA Micro Area",88880,88891,87706
310M200US26900,26900,"Indianapolis-Carmel-Anderson, IN Metro Area",1887877,1888082,1971274
310M200US26940,26940,"Indianola, MS Micro Area",29450,29450,27496
310M200US26960,26960,"Ionia, MI Micro Area",63905,63905,64294
310M200US26980,26980,"Iowa City, IA Metro Area",152586,152586,164357
310M200US27020,27020,"Iron Mountain, MI-WI Micro Area",30591,30591,30438
310M200US27060,27060,"Ithaca, NY Metro Area",101564,101595,104691
310M200US27100,27100,"Jackson, MI Metro Area",160248,160248,159741
310M200US27140,27140,"Jackson, MS Metro Area",567122,567645,577564
310M200US27160,27160,"Jackson, OH Micro Area",33225,33225,32748
310M200US27180,27180,"Jackson, TN Metro Area",130011,130009,130225
310M200US27220,27220,"Jackson, WY-ID Micro Area",31464,31464,33271
310M200US27260,27260,"Jacksonville, FL Metro Area",1345596,1345596,1419127
310M200US27300,27300,"Jacksonville, IL Micro Area",40902,40906,40133
310M200US27340,27340,"Jacksonville, NC Metro Area",177772,177772,187589
310M200US27380,27380,"Jacksonville, TX Micro Area",50845,50845,50902
310M200US27420,27420,"Jamestown, ND Micro Area",21100,21100,21129
310M200US27460,27460,"Jamestown-Dunkirk-Fredonia, NY Micro Area",134905,134905,132053
310M200US27500,27500,"Janesville-Beloit, WI Metro Area",160331,160331,161188
310M200US27540,27540,"Jasper, IN Micro Area",54734,54733,54969
310M200US27580,27580,"Jayuya, PR Micro Area",16642,16642,15693
310M200US27600,27600,"Jefferson, GA Micro Area",60485,60485,61870
310M200US27620,27620,"Jefferson City, MO Metro Area",149807,149807,150866
310M200US27700,27700,"Jesup, GA Micro Area",30099,30099,29949
310M200US27740,27740,"Johnson City, TN Metro Area",198716,198716,201091
310M200US27780,27780,"Johnstown, PA Metro Area",143679,143674,137732
310M200US27860,27860,"Jonesboro, AR Metro Area",121026,121026,126764
310M200US27900,27900,"Joplin, MO Metro Area",175518,175516,176141
310M200US27920,27920,"Junction City, KS Micro Area",34362,34362,36713
310M200US27940,27940,"Juneau, AK Micro Area",31275,31275,32406
310M200US27980,27980,"Kahului-Wailuku-Lahaina, HI Metro Area",154924,154925,163108
310M200US28020,28020,"Kalamazoo-Portage, MI Metro Area",326589,326596,334017
310M200US28060,28060,"Kalispell, MT Micro Area",90928,90928,94924
310M200US28100,28100,"Kankakee, IL Metro Area",113449,113449,111375
310M200US28140,28140,"Kansas City, MO-KS Metro Area",2009342,2009338,2071133
310M200US28180,28180,"Kapaa, HI Micro Area",67091,67090,70475
310M200US28260,28260,"Kearney, NE Micro Area",52591,52591,54868
310M200US28300,28300,"Keene, NH Micro Area",77117,77117,76115
310M200US28340,28340,"Kendallville, IN Micro Area",47536,47536,47618
310M200US28380,28380,"Kennett, MO Micro Area",31953,31953,31344
310M200US28420,28420,"Kennewick-Richland, WA Metro Area",253340,253340,274295
310M200US28500,28500,"Kerrville, TX Micro Area",49625,49625,50562
310M200US28540,28540,"Ketchikan, AK Micro Area",13477,13477,13787
310M200US28580,28580,"Key West, FL Micro Area",73090,73090,77136
310M200US28620,28620,"Kill Devil Hills, NC Micro Area",38327,38327,39219
310M200US28660,28660,"Killeen-Temple, TX Metro Area",405300,405298,424858
310M200US28700,28700,"Kingsport-Bristol-Bristol, TN-VA Metro Area",309544,309542,308079
310M200US28740,28740,"Kingston, NY Metro Area",182493,182494,180445
310M200US28780,28780,"Kingsville, TX Micro Area",32477,32477,32590
310M200US28820,28820,"Kinston, NC Micro Area",59495,59495,58485
310M200US28860,28860,"Kirksville, MO Micro Area",30038,30038,29972
310M200US28900,28900,"Klamath Falls, OR Micro Area",66380,66380,65455
310M200US28940,28940,"Knoxville, TN Metro Area",837571,837579,857585
310M200US29020,29020,"Kokomo, IN Metro Area",82752,82752,82982
310M200US29060,29060,"Laconia, NH Micro Area",60088,60092,60305
310M200US29100,29100,"La Crosse-Onalaska, WI-MN Metro Area",133665,133665,136749
310M200US29180,29180,"Lafayette, LA Metro Area",466750,466750,484974
310M200US29200,29200,"Lafayette-West Lafayette, IN Metro Area",201789,201789,211697
310M200US29260,29260,"La Grande, OR Micro Area",25748,25744,25691
310M200US29300,29300,"LaGrange, GA Micro Area",67044,67044,69469
310M200US29340,29340,"Lake Charles, LA Metro Area",199607,199629,203883
310M200US29380,29380,"Lake City, FL Micro Area",67531,67532,67857
310M200US29420,29420,"Lake Havasu City-Kingman, AZ Metro Area",200186,200186,203361
310M200US29460,29460,"Lakeland-Winter Haven, FL Metro Area",602095,602095,634638
310M200US29500,29500,"Lamesa, TX Micro Area",13833,13833,13372
310M200US29540,29540,"Lancaster, PA Metro Area",519445,519448,533320
310M200US29620,29620,"Lansing-East Lansing, MI Metro Area",464036,464032,470458
310M200US29660,29660,"Laramie, WY Micro Area",36299,36299,37811
310M200US29700,29700,"Laredo, TX Metro Area",250304,250304,266673
310M200US29740,29740,"Las Cruces, NM Metro Area",209233,209241,213676
310M200US29780,29780,"Las Vegas, NM Micro Area",29393,29393,28239
310M200US29820,29820,"Las Vegas-Henderson-Paradise, NV Metro Area",1951269,1951269,2069681
310M200US29860,29860,"Laurel, MS Micro Area",84823,84823,84891
310M200US29900,29900,"Laurinburg, NC Micro Area",36157,36157,35576
310M200US29940,29940,"Lawrence, KS Metro Area",110826,110826,116585
310M200US29980,29980,"Lawrenceburg, TN Micro Area",41869,41869,42274
310M200US30020,30020,"Lawton, OK Metro Area",130291,130291,131183
310M200US30060,30060,"Lebanon, MO Micro Area",35571,35571,35439
310M200US30140,30140,"Lebanon, PA Metro Area",133568,133573,136359
310M200US30220,30220,"Levelland, TX Micro Area",22935,22935,23577
310M200US30260,30260,"Lewisburg, PA Micro Area",44947,44949,44874
310M200US30280,30280,"Lewisburg, TN Micro Area",30617,30617,31269
310M200US30300,30300,"Lewiston, ID-WA Metro Area",60888,60888,62196
310M200US30340,30340,"Lewiston-Auburn, ME Metro Area",107702,107702,107440
310M200US30380,30380,"Lewistown, PA Micro Area",46682,46683,46552
310M200US30420,30420,"Lexington, NE Micro Area",26370,26370,26066
310M200US30460,30460,"Lexington-Fayette, KY Metro Area",472099,472099,494189
310M200US30580,30580,"Liberal, KS Micro Area",22952,22952,23465
310M200US30620,30620,"Lima, OH Metro Area",106331,106331,105040
310M200US30660,30660,"Lincoln, IL Micro Area",30305,30305,29746
310M200US30700,30700,"Lincoln, NE Metro Area",302157,302157,318945
310M200US30780,30780,"Little Rock-North Little Rock-Conway, AR Metro Area",699757,699799,729135
310M200US30820,30820,"Lock Haven, PA Micro Area",39238,39241,39745
310M200US30860,30860,"Logan, UT-ID Metro Area",125442,125442,131364
310M200US30880,30880,"Logan, WV Micro Area",36743,36745,35348
310M200US30900,30900,"Logansport, IN Micro Area",38966,38966,38438
310M200US30940,30940,"London, KY Micro Area",126369,126369,127316
310M200US30980,30980,"Longview, TX Metro Area",214369,214378,217481
310M200US31020,31020,"Longview, WA Metro Area",102410,102410,102133
310M200US31060,31060,"Los Alamos, NM Micro Area",17950,17950,17682
310M200US31080,31080,"Los Angeles-Long Beach-Anaheim, CA Metro Area",12828837,12828933,13262220
310M200US31140,31140,"Louisville/Jefferson County, KY-IN Metro Area",1235708,1235710,1269702
310M200US31180,31180,"Lubbock, TX Metro Area",290805,290805,305644
310M200US31220,31220,"Ludington, MI Micro Area",28705,28705,28824
310M200US31260,31260,"Lufkin, TX Micro Area",86771,86771,87750
310M200US31300,31300,"Lumberton, NC Micro Area",134168,134168,134760
310M200US31340,31340,"Lynchburg, VA Metro Area",252634,252656,257835
310M200US31380,31380,"Macomb, IL Micro Area",32612,32612,31880
310M200US31420,31420,"Macon, GA Metro Area",232293,232293,230450
310M200US31460,31460,"Madera, CA Metro Area",150865,150865,154548
310M200US31500,31500,"Madison, IN Micro Area",32428,32428,32494
310M200US31540,31540,"Madison, WI Metro Area",605435,605437,633787
310M200US31580,31580,"Madisonville, KY Micro Area",46920,46920,46376
310M200US31620,31620,"Magnolia, AR Micro Area",24552,24552,23933
310M200US31660,31660,"Malone, NY Micro Area",51599,51597,51262
310M200US31680,31680,"Malvern, AR Micro Area",32923,32923,33368
310M200US31700,31700,"Manchester-Nashua, NH Metro Area",400721,400721,405184
310M200US31740,31740,"Manhattan, KS Metro Area",92719,92735,98091
310M200US31820,31820,"Manitowoc, WI Micro Area",81442,81442,80160
310M200US31860,31860,"Mankato-North Mankato, MN Metro Area",96740,96740,98478
310M200US31900,31900,"Mansfield, OH Metro Area",124475,124475,121942
310M200US31930,31930,"Marietta, OH Micro Area",61778,61778,61213
310M200US31940,31940,"Marinette, WI-MI Micro Area",65778,65778,65012
310M200US31980,31980,"Marion, IN Micro Area",70061,70063,68569
310M200US32000,32000,"Marion, NC Micro Area",44996,44996,44965
310M200US32020,32020,"Marion, OH Micro Area",66501,66501,65720
310M200US32100,32100,"Marquette, MI Micro Area",67077,67077,67676
310M200US32140,32140,"Marshall, MN Micro Area",25857,25857,25665
310M200US32180,32180,"Marshall, MO Micro Area",23370,23370,23347
310M200US32220,32220,"Marshall, TX Micro Area",65631,65632,67336
310M200US32260,32260,"Marshalltown, IA Micro Area",40648,40648,40866
310M200US32280,32280,"Martin, TN Micro Area",35021,35021,34373
310M200US32300,32300,"Martinsville, VA Micro Area",67972,67964,65792
310M200US32340,32340,"Maryville, MO Micro Area",23370,23370,23081
310M200US32380,32380,"Mason City, IA Micro Area",51749,51749,50878
310M200US32420,32420,"Mayagüez, PR Metro Area",106330,106330,98661
310M200US32460,32460,"Mayfield, KY Micro Area",37121,37121,37618
310M200US32500,32500,"Maysville, KY Micro Area",17490,17490,17166
310M200US32540,32540,"McAlester, OK Micro Area",45837,45837,44626
310M200US32580,32580,"McAllen-Edinburg-Mission, TX Metro Area",774769,774773,831073
310M200US32620,32620,"McComb, MS Micro Area",53535,53535,52687
310M200US32660,32660,"McMinnville, TN Micro Area",39839,39840,39969
310M200US32700,32700,"McPherson, KS Micro Area",29180,29180,29241
310M200US32740,32740,"Meadville, PA Micro Area",88765,88765,87175
310M200US32780,32780,"Medford, OR Metro Area",203206,203206,210287
310M200US32820,32820,"Memphis, TN-MS-AR Metro Area",1324829,1324829,1343230
310M200US32860,32860,"Menomonie, WI Micro Area",43857,43857,44305
310M200US32900,32900,"Merced, CA Metro Area",255793,255798,266353
310M200US32940,32940,"Meridian, MS Micro Area",107449,107454,106201
310M200US32980,32980,"Merrill, WI Micro Area",28743,28743,28493
310M200US33020,33020,"Mexico, MO Micro Area",25529,25529,25887
310M200US33060,33060,"Miami, OK Micro Area",31848,31848,32105
310M200US33100,33100,"Miami-Fort Lauderdale-West Palm Beach, FL Metro Area",5564635,5566299,5929819
310M200US33140,33140,"Michigan City-La Porte, IN Metro Area",111467,111467,111444
310M200US33180,33180,"Middlesborough, KY Micro Area",28691,28691,27778
310M200US33220,33220,"Midland, MI Metro Area",83629,83629,83427
310M200US33260,33260,"Midland, TX Metro Area",141671,141674,161290
310M200US33300,33300,"Milledgeville, GA Micro Area",55149,55237,54418
310M200US33340,33340,"Milwaukee-Waukesha-West Allis, WI Metro Area",1555908,1555954,1572245
310M200US33420,33420,"Mineral Wells, TX Micro Area",28111,28111,28096
310M200US33460,33460,"Minneapolis-St. Paul-Bloomington, MN-WI Metro Area",3348859,3348857,3495176
310M200US33500,33500,"Minot, ND Micro Area",69540,69540,77959
310M200US33540,33540,"Missoula, MT Metro Area",109299,109299,112684
310M200US33580,33580,"Mitchell, SD Micro Area",22835,22835,23304
310M200US33620,33620,"Moberly, MO Micro Area",25414,25414,25072
310M200US33660,33660,"Mobile, AL Metro Area",412992,413143,415123
310M200US33700,33700,"Modesto, CA Metro Area",514453,514451,531997
310M200US33740,33740,"Monroe, LA Metro Area",176441,176502,178864
310M200US33780,33780,"Monroe, MI Metro Area",152021,152021,149824
310M200US33860,33860,"Montgomery, AL Metro Area",374536,374529,373141
310M200US33940,33940,"Montrose, CO Micro Area",41276,41278,40873
310M200US33980,33980,"Morehead City, NC Micro Area",66469,66469,68811
310M200US34020,34020,"Morgan City, LA Micro Area",54650,54650,53162
310M200US34060,34060,"Morgantown, WV Metro Area",129709,129709,137251
310M200US34100,34100,"Morristown, TN Metro Area",113951,114111,115713
310M200US34140,34140,"Moscow, ID Micro Area",37244,37244,38411
310M200US34180,34180,"Moses Lake, WA Micro Area",89120,89120,93147
310M200US34220,34220,"Moultrie, GA Micro Area",45498,45498,46102
310M200US34260,34260,"Mountain Home, AR Micro Area",41513,41513,40857
310M200US34300,34300,"Mountain Home, ID Micro Area",27038,27038,26094
310M200US34340,34340,"Mount Airy, NC Micro Area",73673,73673,72968
310M200US34380,34380,"Mount Pleasant, MI Micro Area",70311,70311,70616
310M200US34420,34420,"Mount Pleasant, TX Micro Area",32334,32334,32506
310M200US34460,34460,"Mount Sterling, KY Micro Area",44396,44396,45967
310M200US34500,34500,"Mount Vernon, IL Micro Area",38827,38825,38534
310M200US34540,34540,"Mount Vernon, OH Micro Area",60921,60930,61167
310M200US34580,34580,"Mount Vernon-Anacortes, WA Metro Area",116901,116901,120365
310M200US34620,34620,"Muncie, IN Metro Area",117671,117671,117074
310M200US34660,34660,"Murray, KY Micro Area",37191,37191,38282
310M200US34700,34700,"Muscatine, IA Micro Area",42745,42747,42903
310M200US34740,34740,"Muskegon, MI Metro Area",172188,172188,172344
310M200US34780,34780,"Muskogee, OK Micro Area",70990,70988,69966
310M200US34820,34820,"Myrtle Beach-Conway-North Myrtle Beach, SC-NC Metro Area",376722,376722,417668
310M200US34860,34860,"Nacogdoches, TX Micro Area",64524,64524,65301
310M200US34900,34900,"Napa, CA Metro Area",136484,136530,141667
310M200US34940,34940,"Naples-Immokalee-Marco Island, FL Metro Area",321520,321520,348777
310M200US34980,34980,"Nashville-Davidson--Murfreesboro--Franklin, TN Metro Area",1670890,1670900,1792649
310M200US35020,35020,"Natchez, MS-LA Micro Area",53119,53119,52203
310M200US35060,35060,"Natchitoches, LA Micro Area",39566,39566,39166
310M200US35100,35100,"New Bern, NC Metro Area",126802,126802,127534
310M200US35140,35140,"Newberry, SC Micro Area",37508,37508,37783
310M200US35220,35220,"New Castle, IN Micro Area",49462,49462,48995
310M200US35260,35260,"New Castle, PA Micro Area",91108,91140,88771
310M200US35300,35300,"New Haven-Milford, CT Metro Area",862477,862474,861277
310M200US35380,35380,"New Orleans-Metairie, LA Metro Area",1189866,1189863,1251849
310M200US35420,35420,"New Philadelphia-Dover, OH Micro Area",92582,92582,92788
310M200US35440,35440,"Newport, OR Micro Area",46034,46032,46406
310M200US35460,35460,"Newport, TN Micro Area",35662,35662,35374
310M200US35500,35500,"Newton, IA Micro Area",36842,36842,36872
310M200US35580,35580,"New Ulm, MN Micro Area",25893,25893,25292
310M200US35620,35620,"New York-Newark-Jersey City, NY-NJ-PA Metro Area",19567410,19566440,20092883
310M200US35660,35660,"Niles-Benton Harbor, MI Metro Area",156813,156817,155233
310M200US35700,35700,"Nogales, AZ Micro Area",47420,47420,46695
310M200US35740,35740,"Norfolk, NE Micro Area",48271,48271,48445
310M200US35820,35820,"North Platte, NE Micro Area",37590,37590,37063
310M200US35840,35840,"North Port-Sarasota-Bradenton, FL Metro Area",702281,702270,748708
310M200US35860,35860,"North Vernon, IN Micro Area",28525,28525,28000
310M200US35900,35900,"North Wilkesboro, NC Micro Area",69340,69340,68838
310M200US35940,35940,"Norwalk, OH Micro Area",59626,59626,58714
310M200US35980,35980,"Norwich-New London, CT Metro Area",274055,274046,273676
310M200US36020,36020,"Oak Harbor, WA Micro Area",78506,78506,79275
310M200US36100,36100,"Ocala, FL Metro Area",331298,331303,339167
310M200US36140,36140,"Ocean City, NJ Metro Area",97265,97265,95344
310M200US36220,36220,"Odessa, TX Metro Area",137130,137133,153904
310M200US36260,36260,"Ogden-Clearfield, UT Metro Area",597159,597159,632293
310M200US36300,36300,"Ogdensburg-Massena, NY Micro Area",111944,111944,111400
310M200US36340,36340,"Oil City, PA Micro Area",54984,54983,53529
310M200US36380,36380,"Okeechobee, FL Micro Area",39996,39996,39149
310M200US36420,36420,"Oklahoma City, OK Metro Area",1252987,1252992,1336767
310M200US36460,36460,"Olean, NY Micro Area",80317,80317,78600
310M200US36500,36500,"Olympia-Tumwater, WA Metro Area",252264,252264,265851
310M200US36540,36540,"Omaha-Council Bluffs, NE-IA Metro Area",865350,865350,904421
310M200US36580,36580,"Oneonta, NY Micro Area",62259,62253,61128
310M200US36620,36620,"Ontario, OR-ID Micro Area",53936,53935,53195
310M200US36660,36660,"Opelousas, LA Micro Area",83384,83384,83709
310M200US36700,36700,"Orangeburg, SC Micro Area",92501,92495,90090
310M200US36740,36740,"Orlando-Kissimmee-Sanford, FL Metro Area",2134411,2134406,2321418
310M200US36780,36780,"Oshkosh-Neenah, WI Metro Area",166994,166994,169511
310M200US36820,36820,"Oskaloosa, IA Micro Area",22381,22381,22370
310M200US36830,36830,"Othello, WA Micro Area",18728,18728,19179
310M200US36840,36840,"Ottawa, KS Micro Area",25992,25996,25611
310M200US36860,36860,"Ottawa-Peru, IL Micro Area",154908,154906,150895
310M200US36900,36900,"Ottumwa, IA Micro Area",44378,44378,43993
310M200US36940,36940,"Owatonna, MN Micro Area",36576,36576,36573
310M200US36980,36980,"Owensboro, KY Metro Area",114752,114755,116506
310M200US37020,37020,"Owosso, MI Micro Area",70648,70648,68933
310M200US37060,37060,"Oxford, MS Micro Area",47351,47359,52930
310M200US37080,37080,"Oxford, NC Micro Area",59916,57532,58500
310M200US37100,37100,"Oxnard-Thousand Oaks-Ventura, CA Metro Area",823318,823420,846178
310M200US37120,37120,"Ozark, AL Micro Area",50251,50251,49484
310M200US37140,37140,"Paducah, KY-IL Micro Area",98762,98760,97820
310M200US37220,37220,"Pahrump, NV Micro Area",43946,43945,42282
310M200US37260,37260,"Palatka, FL Micro Area",74364,74364,72143
310M200US37300,37300,"Palestine, TX Micro Area",58458,58458,57627
310M200US37340,37340,"Palm Bay-Melbourne-Titusville, FL Metro Area",543376,543378,556885
310M200US37420,37420,"Pampa, TX Micro Area",22535,22535,23044
310M200US37460,37460,"Panama City, FL Metro Area",184715,184715,194929
310M200US37500,37500,"Paragould, AR Micro Area",42090,42090,43694
310M200US37540,37540,"Paris, TN Micro Area",32330,32330,32204
310M200US37580,37580,"Paris, TX Micro Area",49793,49789,49523
310M200US37620,37620,"Parkersburg-Vienna, WV Metro Area",92673,92673,92082
310M200US37660,37660,"Parsons, KS Micro Area",21607,21607,20960
310M200US37740,37740,"Payson, AZ Micro Area",53597,53597,53119
310M200US37780,37780,"Pecos, TX Micro Area",13783,13783,14349
310M200US37860,37860,"Pensacola-Ferry Pass-Brent, FL Metro Area",448991,448991,474081
310M200US37900,37900,"Peoria, IL Metro Area",379186,379186,380040
310M200US37940,37940,"Peru, IN Micro Area",36903,36903,35954
310M200US37980,37980,"Philadelphia-Camden-Wilmington, PA-NJ-DE-MD Metro Area",5965343,5965368,6051170
310M200US38060,38060,"Phoenix-Mesa-Scottsdale, AZ Metro Area",4192887,4193127,4489109
310M200US38100,38100,"Picayune, MS Micro Area",55834,55747,55224
310M200US38180,38180,"Pierre, SD Micro Area",21361,21361,22063
310M200US38220,38220,"Pine Bluff, AR Metro Area",100258,100258,94716
310M200US38240,38240,"Pinehurst-Southern Pines, NC Micro Area",88247,88247,93077
310M200US38260,38260,"Pittsburg, KS Micro Area",39134,39134,39290
310M200US38300,38300,"Pittsburgh, PA Metro Area",2356285,2356285,2355968
310M200US38340,38340,"Pittsfield, MA Metro Area",131219,131272,128715
310M200US38380,38380,"Plainview, TX Micro Area",36273,36273,34720
310M200US38420,38420,"Platteville, WI Micro Area",51208,51208,51829
310M200US38460,38460,"Plattsburgh, NY Micro Area",82128,82128,81632
310M200US38500,38500,"Plymouth, IN Micro Area",47051,47051,47107
310M200US38540,38540,"Pocatello, ID Metro Area",82839,82839,83347
310M200US38580,38580,"Point Pleasant, WV-OH Micro Area",58258,58260,57413
310M200US38620,38620,"Ponca City, OK Micro Area",46562,46562,45478
310M200US38660,38660,"Ponce, PR Metro Area",350480,350480,325929
310M200US38700,38700,"Pontiac, IL Micro Area",38950,38950,37903
310M200US38740,38740,"Poplar Bluff, MO Micro Area",42794,42794,42972
310M200US38780,38780,"Portales, NM Micro Area",19846,19846,19536
310M200US38820,38820,"Port Angeles, WA Micro Area",71404,71404,72715
310M200US38840,38840,"Port Clinton, OH Micro Area",41428,41434,41154
310M200US38860,38860,"Portland-South Portland, ME Metro Area",514098,514100,523552
310M200US38900,38900,"Portland-Vancouver-Hillsboro, OR-WA Metro Area",2226009,2226011,2348247
310M200US38920,38920,"Port Lavaca, TX Micro Area",21381,21381,21797
310M200US38940,38940,"Port St. Lucie, FL Metro Area",424107,424107,444420
310M200US39020,39020,"Portsmouth, OH Micro Area",79499,79499,77258
310M200US39060,39060,"Pottsville, PA Micro Area",148289,148289,145797
310M200US39140,39140,"Prescott, AZ Metro Area",211033,211015,218844
310M200US39220,39220,"Price, UT Micro Area",21403,21403,20660
310M200US39260,39260,"Prineville, OR Micro Area",20978,20978,20998
310M200US39300,39300,"Providence-Warwick, RI-MA Metro Area",1600852,1601216,1609367
310M200US39340,39340,"Provo-Orem, UT Metro Area",526810,526810,571460
310M200US39380,39380,"Pueblo, CO Metro Area",159063,159063,161875
310M200US39420,39420,"Pullman, WA Micro Area",44776,44776,46827
310M200US39460,39460,"Punta Gorda, FL Metro Area",159978,159989,168474
310M200US39500,39500,"Quincy, IL-MO Micro Area",77314,77314,77126
310M200US39540,39540,"Racine, WI Metro Area",195408,195428,195163
310M200US39580,39580,"Raleigh, NC Metro Area",1130490,1130490,1242974
310M200US39660,39660,"Rapid City, SD Metro Area",134598,134609,143638
310M200US39700,39700,"Raymondville, TX Micro Area",22134,22134,21903
310M200US39740,39740,"Reading, PA Metro Area",411442,411587,413691
310M200US39780,39780,"Red Bluff, CA Micro Area",63463,63461,63067
310M200US39820,39820,"Redding, CA Metro Area",177223,177223,179804
310M200US39860,39860,"Red Wing, MN Micro Area",46183,46183,46423
310M200US39900,39900,"Reno, NV Metro Area",425417,425437,443990
310M200US39940,39940,"Rexburg, ID Micro Area",50778,50778,50905
310M200US39980,39980,"Richmond, IN Micro Area",68917,69003,67671
310M200US40060,40060,"Richmond, VA Metro Area",1208101,1208080,1260029
310M200US40080,40080,"Richmond-Berea, KY Micro Area",99972,99972,104166
310M200US40100,40100,"Rio Grande City, TX Micro Area",60968,60968,62955
310M200US40140,40140,"Riverside-San Bernardino-Ontario, CA Metro Area",4224851,4224972,4441890
310M200US40180,40180,"Riverton, WY Micro Area",40123,40123,40703
310M200US40220,40220,"Roanoke, VA Metro Area",308707,308693,313388
310M200US40260,40260,"Roanoke Rapids, NC Micro Area",76790,76789,73433
310M200US40300,40300,"Rochelle, IL Micro Area",53497,53497,52085
310M200US40340,40340,"Rochester, MN Metro Area",206877,206877,212778
310M200US40380,40380,"Rochester, NY Metro Area",1079671,1079692,1083393
310M200US40420,40420,"Rockford, IL Metro Area",349431,349431,342411
310M200US40460,40460,"Rockingham, NC Micro Area",46639,46639,45733
310M200US40540,40540,"Rock Springs, WY Micro Area",43806,43806,45010
310M200US40580,40580,"Rocky Mount, NC Metro Area",152392,152388,149290
310M200US40620,40620,"Rolla, MO Micro Area",45156,45154,44847
310M200US40660,40660,"Rome, GA Metro Area",96317,96317,96063
310M200US40700,40700,"Roseburg, OR Micro Area",107667,107667,106972
310M200US40740,40740,"Roswell, NM Micro Area",65645,65645,65878
310M200US40780,40780,"Russellville, AR Micro Area",83939,83939,85152
310M200US40820,40820,"Ruston, LA Micro Area",46735,46735,47617
310M200US40860,40860,"Rutland, VT Micro Area",61642,61646,60086
310M200US40900,40900,"Sacramento--Roseville--Arden-Arcade, CA Metro Area",2149127,2149143,2244397
310M200US40940,40940,"Safford, AZ Micro Area",37220,37220,37957
310M200US40980,40980,"Saginaw, MI Metro Area",200169,200169,195012
310M200US41060,41060,"St. Cloud, MN Metro Area",189093,189093,192418
310M200US41100,41100,"St. George, UT Metro Area",138115,138115,151948
310M200US41140,41140,"St. Joseph, MO-KS Metro Area",127329,127329,127431
310M200US41180,41180,"St. Louis, MO-IL Metro Area",2787701,2787747,2806207
310M200US41220,41220,"St. Marys, GA Micro Area",50513,50513,52027
310M200US41400,41400,"Salem, OH Micro Area",107841,107841,105686
310M200US41420,41420,"Salem, OR Metro Area",390738,390738,404026
310M200US41460,41460,"Salina, KS Micro Area",61697,61697,61820
310M200US41500,41500,"Salinas, CA Metro Area",415057,415057,431344
310M200US41540,41540,"Salisbury, MD-DE Metro Area",373802,373769,389922
310M200US41620,41620,"Salt Lake City, UT Metro Area",1087873,1087873,1153340
310M200US41660,41660,"San Angelo, TX Metro Area",111823,111823,118182
310M200US41700,41700,"San Antonio-New Braunfels, TX Metro Area",2142508,2142518,2328652
310M200US41740,41740,"San Diego-Carlsbad, CA Metro Area",3095313,3095308,3263431
310M200US41760,41760,"Sandpoint, ID Micro Area",40877,40877,41585
310M200US41780,41780,"Sandusky, OH Micro Area",77079,77079,75828
310M200US41820,41820,"Sanford, NC Micro Area",57866,57866,59662
310M200US41860,41860,"San Francisco-Oakland-Hayward, CA Metro Area",4335391,4335560,4594060
310M200US41900,41900,"San Germán, PR Metro Area",137462,137626,132660
310M200US41940,41940,"San Jose-Sunnyvale-Santa Clara, CA Metro Area",1836911,1836941,1952872
310M200US41980,41980,"San Juan-Carolina-Caguas, PR Metro Area",2350126,2350306,2242285
310M200US42020,42020,"San Luis Obispo-Paso Robles-Arroyo Grande, CA Metro Area",269637,269593,279083
310M200US42100,42100,"Santa Cruz-Watsonville, CA Metro Area",262382,262362,271804
310M200US42140,42140,"Santa Fe, NM Metro Area",144170,144171,148164
310M200US42180,42180,"Santa Isabel, PR Micro Area",23274,23274,22860
310M200US42200,42200,"Santa Maria-Santa Barbara, CA Metro Area",423895,423939,440668
310M200US42220,42220,"Santa Rosa, CA Metro Area",483878,483880,500292
310M200US42300,42300,"Sault Ste. Marie, MI Micro Area",38520,38673,38321
310M200US42340,42340,"Savannah, GA Metro Area",347611,347621,372708
310M200US42380,42380,"Sayre, PA Micro Area",62622,62622,61784
310M200US42420,42420,"Scottsbluff, NE Micro Area",38971,38971,38532
310M200US42460,42460,"Scottsboro, AL Micro Area",53227,53226,52665
310M200US42540,42540,"Scranton--Wilkes-Barre--Hazleton, PA Metro Area",563631,563630,559679
310M200US42620,42620,"Searcy, AR Micro Area",77076,77076,78592
310M200US42660,42660,"Seattle-Tacoma-Bellevue, WA Metro Area",3439809,3439815,3671478
310M200US42680,42680,"Sebastian-Vero Beach, FL Metro Area",138028,138028,144755
310M200US42700,42700,"Sebring, FL Metro Area",98786,98786,98236
310M200US42740,42740,"Sedalia, MO Micro Area",42201,42201,42225
310M200US42780,42780,"Selinsgrove, PA Micro Area",39702,39702,40323
310M200US42820,42820,"Selma, AL Micro Area",43820,43820,41711
310M200US42860,42860,"Seneca, SC Micro Area",74273,74275,75192
310M200US42900,42900,"Seneca Falls, NY Micro Area",35251,35244,34884
310M200US42940,42940,"Sevierville, TN Micro Area",89889,89876,95110
310M200US42980,42980,"Seymour, IN Micro Area",42376,42380,43705
310M200US43020,43020,"Shawano, WI Micro Area",46181,46187,46101
310M200US43060,43060,"Shawnee, OK Micro Area",69442,69442,71811
310M200US43100,43100,"Sheboygan, WI Metro Area",115507,115507,115290
310M200US43140,43140,"Shelby, NC Micro Area",98078,98083,97076
310M200US43180,43180,"Shelbyville, TN Micro Area",45058,45058,46627
310M200US43220,43220,"Shelton, WA Micro Area",60699,60699,60711
310M200US43260,43260,"Sheridan, WY Micro Area",29116,29116,30032
310M200US43300,43300,"Sherman-Denison, TX Metro Area",120877,120877,123534
310M200US43320,43320,"Show Low, AZ Micro Area",107449,107494,108101
310M200US43340,43340,"Shreveport-Bossier City, LA Metro Area",439811,439811,445142
310M200US43380,43380,"Sidney, OH Micro Area",49423,49423,48951
310M200US43420,43420,"Sierra Vista-Douglas, AZ Metro Area",131346,131357,127448
310M200US43460,43460,"Sikeston, MO Micro Area",39191,39187,38903
310M200US43500,43500,"Silver City, NM Micro Area",29514,29514,29096
310M200US43580,43580,"Sioux City, IA-NE-SD Metro Area",168563,168563,168806
310M200US43620,43620,"Sioux Falls, SD Metro Area",228261,228264,248351
310M200US43660,43660,"Snyder, TX Micro Area",16921,16921,17328
310M200US43700,43700,"Somerset, KY Micro Area",63063,63063,63825
310M200US43740,43740,"Somerset, PA Micro Area",77742,77748,76218
310M200US43760,43760,"Sonora, CA Micro Area",55365,55365,53831
310M200US43780,43780,"South Bend-Mishawaka, IN-MI Metro Area",319224,319215,319226
310M200US43900,43900,"Spartanburg, SC Metro Area",313268,313268,321418
310M200US43940,43940,"Spearfish, SD Micro Area",24097,24097,24657
310M200US43980,43980,"Spencer, IA Micro Area",16667,16667,16515
310M200US44020,44020,"Spirit Lake, IA Micro Area",16667,16667,16935
310M200US44060,44060,"Spokane-Spokane Valley, WA Metro Area",527753,527753,540953
310M200US44100,44100,"Springfield, IL Metro Area",210170,210170,211567
310M200US44140,44140,"Springfield, MA Metro Area",621570,621705,629100
310M200US44180,44180,"Springfield, MO Metro Area",436712,436712,452297
310M200US44220,44220,"Springfield, OH Metro Area",138333,138333,136554
310M200US44260,44260,"Starkville, MS Micro Area",47671,47671,49414
310M200US44300,44300,"State College, PA Metro Area",153990,153981,158742
310M200US44340,44340,"Statesboro, GA Micro Area",70217,70217,72087
310M200US44420,44420,"Staunton-Waynesboro, VA Metro Area",118502,118502,119766
310M200US44460,44460,"Steamboat Springs, CO Micro Area",23509,23509,23865
310M200US44500,44500,"Stephenville, TX Micro Area",37890,37890,40147
310M200US44540,44540,"Sterling, CO Micro Area",22709,22709,22524
310M200US44580,44580,"Sterling, IL Micro Area",58498,58498,56876
310M200US44620,44620,"Stevens Point, WI Micro Area",70019,70019,70482
310M200US44660,44660,"Stillwater, OK Micro Area",77350,77350,80264
310M200US44700,44700,"Stockton-Lodi, CA Metro Area",685306,685308,715597
310M200US44740,44740,"Storm Lake, IA Micro Area",20260,20260,20578
310M200US44780,44780,"Sturgis, MI Micro Area",61295,61295,60946
310M200US44860,44860,"Sulphur Springs, TX Micro Area",35161,35161,35921
310M200US44900,44900,"Summerville, GA Micro Area",26015,26015,24939
310M200US44920,44920,"Summit Park, UT Micro Area",36324,36324,39105
310M200US44940,44940,"Sumter, SC Metro Area",107456,107463,107919
310M200US44980,44980,"Sunbury, PA Micro Area",94528,94517,93944
310M200US45000,45000,"Susanville, CA Micro Area",34895,34895,31749
310M200US45020,45020,"Sweetwater, TX Micro Area",15216,15217,15093
310M200US45060,45060,"Syracuse, NY Metro Area",662577,662578,661478
310M200US45140,45140,"Tahlequah, OK Micro Area",46987,46985,48341
310M200US45180,45180,"Talladega-Sylacauga, AL Micro Area",93830,94049,92208
310M200US45220,45220,"Tallahassee, FL Metro Area",367413,368770,375751
310M200US45300,45300,"Tampa-St. Petersburg-Clearwater, FL Metro Area",2783243,2783514,2915582
310M200US45340,45340,"Taos, NM Micro Area",32937,32940,33084
310M200US45380,45380,"Taylorville, IL Micro Area",34800,34800,33892
310M200US45460,45460,"Terre Haute, IN Metro Area",172425,172422,171480
310M200US45500,45500,"Texarkana, TX-AR Metro Area",149198,149195,149235
310M200US45520,45520,"The Dalles, OR Micro Area",25213,25213,25515
310M200US45540,45540,"The Villages, FL Metro Area",93420,93420,114350
310M200US45580,45580,"Thomaston, GA Micro Area",27153,27153,26256
310M200US45620,45620,"Thomasville, GA Micro Area",44720,44719,44959
310M200US45660,45660,"Tiffin, OH Micro Area",56745,56745,55669
310M200US45700,45700,"Tifton, GA Micro Area",40118,40122,40704
310M200US45740,45740,"Toccoa, GA Micro Area",26175,26175,25480
310M200US45780,45780,"Toledo, OH Metro Area",610001,610001,607456
310M200US45820,45820,"Topeka, KS Metro Area",233870,233868,233758
310M200US45860,45860,"Torrington, CT Micro Area",189927,189927,184993
310M200US45900,45900,"Traverse City, MI Micro Area",143372,143372,147610
310M200US45940,45940,"Trenton, NJ Metro Area",366513,367508,371537
310M200US45980,45980,"Troy, AL Micro Area",32899,32899,33389
310M200US46020,46020,"Truckee-Grass Valley, CA Micro Area",98764,98748,98893
310M200US46060,46060,"Tucson, AZ Metro Area",980263,980263,1004516
310M200US46100,46100,"Tullahoma-Manchester, TN Micro Area",100210,100209,101344
310M200US46140,46140,"Tulsa, OK Metro Area",937478,937528,969224
310M200US46180,46180,"Tupelo, MS Micro Area",136268,136268,139723
310M200US46220,46220,"Tuscaloosa, AL Metro Area",230162,230159,237761
310M200US46300,46300,"Twin Falls, ID Micro Area",99604,99604,103732
310M200US46340,46340,"Tyler, TX Metro Area",209714,209714,218842
310M200US46380,46380,"Ukiah, CA Micro Area",87841,87840,87869
310M200US46460,46460,"Union City, TN-KY Micro Area",38620,38620,37206
310M200US46500,46500,"Urbana, OH Micro Area",40097,40097,39128
310M200US46520,46520,"Urban Honolulu, HI Metro Area",953207,953207,991788
310M200US46540,46540,"Utica-Rome, NY Metro Area",299397,299382,296615
310M200US46620,46620,"Uvalde, TX Micro Area",26405,26405,27117
310M200US46660,46660,"Valdosta, GA Metro Area",139588,139665,143317
310M200US46700,46700,"Vallejo-Fairfield, CA Metro Area",413344,413344,431131
310M200US46740,46740,"Valley, AL Micro Area",34215,34170,34076
310M200US46780,46780,"Van Wert, OH Micro Area",28744,28744,28462
310M200US46820,46820,"Vermillion, SD Micro Area",13864,13864,13932
310M200US46860,46860,"Vernal, UT Micro Area",32588,32586,36867
310M200US46900,46900,"Vernon, TX Micro Area",13535,13535,12973
310M200US46980,46980,"Vicksburg, MS Micro Area",58377,58371,57063
310M200US47020,47020,"Victoria, TX Metro Area",94003,94003,98630
310M200US47080,47080,"Vidalia, GA Micro Area",36346,36346,36273
310M200US47180,47180,"Vincennes, IN Micro Area",38440,38440,37938
310M200US47220,47220,"Vineland-Bridgeton, NJ Metro Area",156898,156898,157389
310M200US47240,47240,"Vineyard Haven, MA Micro Area",16535,16535,17356
310M200US47260,47260,"Virginia Beach-Norfolk-Newport News, VA-NC Metro Area",1676822,1676817,1716624
310M200US47300,47300,"Visalia-Porterville, CA Metro Area",442179,442182,458198
310M200US47340,47340,"Wabash, IN Micro Area",32888,32888,32252
310M200US47380,47380,"Waco, TX Metro Area",252772,252772,260430
310M200US47420,47420,"Wahpeton, ND-MN Micro Area",22897,22897,22927
310M200US47460,47460,"Walla Walla, WA Metro Area",62859,62859,63829
310M200US47540,47540,"Wapakoneta, OH Micro Area",45949,45949,45841
310M200US47580,47580,"Warner Robins, GA Metro Area",179605,179605,187516
310M200US47620,47620,"Warren, PA Micro Area",41815,41815,40703
310M200US47660,47660,"Warrensburg, MO Micro Area",52595,52595,54362
310M200US47700,47700,"Warsaw, IN Micro Area",77358,77356,78564
310M200US47780,47780,"Washington, IN Micro Area",31648,31654,32729
310M200US47820,47820,"Washington, NC Micro Area",47759,47773,47585
310M200US47900,47900,"Washington-Arlington-Alexandria, DC-VA-MD-WV Metro Area",5636232,5636406,6033737
310M200US47920,47920,"Washington Court House, OH Micro Area",29030,29030,28800
310M200US47940,47940,"Waterloo-Cedar Falls, IA Metro Area",167819,167819,169993
310M200US47980,47980,"Watertown, SD Micro Area",27227,27227,27938
310M200US48020,48020,"Watertown-Fort Atkinson, WI Micro Area",83686,83681,84395
310M200US48060,48060,"Watertown-Fort Drum, NY Metro Area",116229,116229,119103
310M200US48100,48100,"Wauchula, FL Micro Area",27731,27731,27469
310M200US48140,48140,"Wausau, WI Metro Area",134063,134063,135780
310M200US48180,48180,"Waycross, GA Micro Area",55070,55064,54506
310M200US48220,48220,"Weatherford, OK Micro Area",27469,27469,29500
310M200US48260,48260,"Weirton-Steubenville, WV-OH Metro Area",124454,124454,121336
310M200US48300,48300,"Wenatchee, WA Metro Area",110884,110887,114392
310M200US48460,48460,"West Plains, MO Micro Area",40400,40400,40173
310M200US48540,48540,"Wheeling, WV-OH Metro Area",147950,147950,145205
310M200US48580,48580,"Whitewater-Elkhorn, WI Micro Area",102228,102228,103527
310M200US48620,48620,"Wichita, KS Metro Area",630919,630919,641076
310M200US48660,48660,"Wichita Falls, TX Metro Area",151306,151476,151536
310M200US48700,48700,"Williamsport, PA Metro Area",116111,116108,116508
310M200US48780,48780,"Williston, ND Micro Area",22398,22398,32130
310M200US48820,48820,"Willmar, MN Micro Area",42239,42239,42285
310M200US48900,48900,"Wilmington, NC Metro Area",254884,254884,272548
310M200US48940,48940,"Wilmington, OH Micro Area",42040,42037,41835
310M200US48980,48980,"Wilson, NC Micro Area",81234,81234,81401
310M200US49020,49020,"Winchester, VA-WV Metro Area",128472,128473,133403
310M200US49080,49080,"Winnemucca, NV Micro Area",16528,16525,17279
310M200US49100,49100,"Winona, MN Micro Area",51461,51461,51097
310M200US49180,49180,"Winston-Salem, NC Metro Area",640595,640577,655015
310M200US49220,49220,"Wisconsin Rapids-Marshfield, WI Micro Area",74749,74749,73608
310M200US49260,49260,"Woodward, OK Micro Area",20081,20081,21529
310M200US49300,49300,"Wooster, OH Micro Area",114520,114514,115537
310M200US49340,49340,"Worcester, MA-CT Metro Area",916980,916976,930473
310M200US49380,49380,"Worthington, MN Micro Area",21378,21378,21590
310M200US49420,49420,"Yakima, WA Metro Area",243231,243231,247687
310M200US49460,49460,"Yankton, SD Micro Area",22438,22438,22684
310M200US49620,49620,"York-Hanover, PA Metro Area",434972,435002,440755
310M200US49660,49660,"Youngstown-Warren-Boardman, OH-PA Metro Area",565773,565804,553263
310M200US49700,49700,"Yuba City, CA Metro Area",166892,166892,169813
310M200US49740,49740,"Yuma, AZ Metro Area",195751,195750,203247
310M200US49780,49780,"Zanesville, OH Micro Area",86074,86074,85818
310M200US49820,49820,"Zapata, TX Micro Area",14018,14018,14319
